{"total_loss":0.0001742145250318572,"_timestamp":1.7535463515534139e+09,"_wandb":{"runtime":5},"_runtime":5,"_step":2,"iteration":400,"grad_loss":7.367134094238281e-05,"tv_loss":0.10054317861795425}